302,0,558,0,0,0
301.727841,-0.045167,557.608554,0,0,0
299.9884,-0.33384,555.10672,0,0,0
295.746209,-1.037863,549.005186,0,0,0
288.3888,-2.25888,538.42304,0,0,0
277.673828,-4.037109,523.011719,0,0,0
263.6762,-6.36012,502.87896,0,0,0
246.735197,-9.171606,478.512751,0,0,0
227.4016,-12.38016,450.70528,0,0,0
206.384816,-15.868052,420.476884,0,0,0
184.5,-19.5,389,0,0,0
162.615184,-23.131948,357.523116,0,0,0
141.5984,-26.61984,327.29472,0,0,0
122.264803,-29.828394,299.487249,0,0,0
105.3238,-32.63988,275.12104,0,0,0
91.326172,-34.962891,254.988281,0,0,0
80.6112,-36.74112,239.57696,0,0,0
73.253791,-37.962137,228.994814,0,0,0
69.0116,-38.66616,222.89328,0,0,0
67.272159,-38.954833,220.391446,0,0,0
67,-39,220,0,0,0
67,-39,220,0,0,0
67,-39,219.8288,0,0,0
67,-39,218.8416,0,0,0
67,-39,216.7384,0,0,0
67,-39,213.6512,0,0,0
67,-39,210,0,0,0
67,-39,206.3488,0,0,0
67,-39,203.2616,0,0,0
67,-39,201.1584,0,0,0
67,-39,200.1712,0,0,0
67,-39,200,0,0,0
67,-39,200,0,0,0
67,-38,200,0,0,0
67,-37,200,0,0,0
67,-36,200,0,0,0
67,-35,200,0,0,0
67,-34,200,0,0,0
67,-33,200,0,0,0
67,-32,200,0,0,0
67,-31,200,0,0,0
67,-30,200,0,0,0
67,-29,200,0,0,0
68,-28,200,0,0,0
68,-27,200,0,0,0
69,-26,200,0,0,0
70,-25,200,0,0,0
71,-24,200,0,0,0
72,-23,200,0,0,0
73,-23,200,0,0,0
74,-23,200,0,0,0
75,-22,200,0,0,0
76,-22,200,0,0,0
77,-23,200,0,0,0
78,-23,200,0,0,0
79,-23,200,0,0,0
80,-24,200,0,0,0
81,-25,200,0,0,0
82,-26,200,0,0,0
83,-27,200,0,0,0
83,-28,200,0,0,0
84,-29,200,0,0,0
85,-28,200,0,0,0
85,-27,200,0,0,0
85,-26,200,0,0,0
86,-25,200,0,0,0
87,-24,200,0,0,0
88,-23,200,0,0,0
89,-22,200,0,0,0
90,-22,200,0,0,0
91,-22,200,0,0,0
92,-21,200,0,0,0
93,-21,200,0,0,0
94,-21,200,0,0,0
95,-22,200,0,0,0
96,-22,200,0,0,0
97,-22,200,0,0,0
98,-22,200,0,0,0
99,-23,200,0,0,0
100,-24,200,0,0,0
101,-25,200,0,0,0
102,-26,200,0,0,0
102,-27,200,0,0,0
102,-28,200,0,0,0
103,-29,200,0,0,0
103,-30,200,0,0,0
103,-31,200,0,0,0
103,-32,200,0,0,0
103,-33,200,0,0,0
103,-34,200,0,0,0
103,-35,200,0,0,0
103,-36,200,0,0,0
103,-37,200,0,0,0
103,-38,200,0,0,0
102,-39,200,0,0,0
102,-40,200,0,0,0
102,-41,200,0,0,0
101,-42,200,0,0,0
100,-43,200,0,0,0
99,-44,200,0,0,0
98,-45,200,0,0,0
97,-45,200,0,0,0
96,-45,200,0,0,0
95,-46,200,0,0,0
94,-46,200,0,0,0
93,-46,200,0,0,0
92,-46,200,0,0,0
91,-46,200,0,0,0
90,-45,200,0,0,0
89,-45,200,0,0,0
88,-44,200,0,0,0
87,-43,200,0,0,0
86,-42,200,0,0,0
85,-41,200,0,0,0
85,-40,200,0,0,0
85,-39,200,0,0,0
84,-38,200,0,0,0
83,-39,200,0,0,0
83,-40,200,0,0,0
83,-41,200,0,0,0
82,-42,200,0,0,0
81,-43,200,0,0,0
80,-44,200,0,0,0
79,-44,200,0,0,0
78,-44,200,0,0,0
77,-45,200,0,0,0
76,-45,200,0,0,0
75,-45,200,0,0,0
74,-45,200,0,0,0
73,-44,200,0,0,0
72,-44,200,0,0,0
71,-43,200,0,0,0
70,-43,200,0,0,0
69,-42,200,0,0,0
68,-41,200,0,0,0
68,-40,200,0,0,0
68,-40,200,0,0,0
69.5,-38.5,200,0,0,0
71,-37,200,0,0,0
71,-37,200,0,0,0
71,-36,200,0,0,0
71,-35,200,0,0,0
71,-34,200,0,0,0
71,-33,200,0,0,0
71,-32,200,0,0,0
71,-31,200,0,0,0
72,-30,200,0,0,0
72,-29,200,0,0,0
73,-28,200,0,0,0
74,-28,200,0,0,0
75,-28,200,0,0,0
76,-27,200,0,0,0
77,-27,200,0,0,0
78,-28,200,0,0,0
79,-28,200,0,0,0
80,-29,200,0,0,0
81,-30,200,0,0,0
81,-31,200,0,0,0
81,-32,200,0,0,0
81,-33,200,0,0,0
81,-34,200,0,0,0
81,-35,200,0,0,0
81,-36,200,0,0,0
81,-37,200,0,0,0
80,-38,200,0,0,0
80,-39,200,0,0,0
79,-39,200,0,0,0
78,-40,200,0,0,0
77,-40,200,0,0,0
76,-40,200,0,0,0
75,-40,200,0,0,0
74,-39,200,0,0,0
73,-39,200,0,0,0
72,-38,200,0,0,0
72,-38,200,0,0,0
72.325698,-37.930208,200,0,0,0
74.025823,-37.565895,200,0,0,0
77.150354,-36.896353,200,0,0,0
80.849646,-36.103647,200,0,0,0
83.974177,-35.434105,200,0,0,0
85.674302,-35.069792,200,0,0,0
86,-35,200,0,0,0
86,-35,200,0,0,0
86,-34,200,0,0,0
86,-33,200,0,0,0
86,-32,200,0,0,0
87,-31,200,0,0,0
87,-30,200,0,0,0
87,-29,200,0,0,0
88,-29,200,0,0,0
89,-28,200,0,0,0
90,-27,200,0,0,0
91,-27,200,0,0,0
92,-27,200,0,0,0
93,-26,200,0,0,0
94,-27,200,0,0,0
95,-27,200,0,0,0
96,-27,200,0,0,0
97,-28,200,0,0,0
98,-28,200,0,0,0
98,-29,200,0,0,0
99,-30,200,0,0,0
99,-31,200,0,0,0
99,-32,200,0,0,0
99,-33,200,0,0,0
100,-34,200,0,0,0
99,-35,200,0,0,0
99,-36,200,0,0,0
99,-37,200,0,0,0
98,-38,200,0,0,0
98,-39,200,0,0,0
97,-40,200,0,0,0
96,-40,200,0,0,0
95,-40,200,0,0,0
94,-41,200,0,0,0
93,-41,200,0,0,0
92,-41,200,0,0,0
91,-41,200,0,0,0
90,-40,200,0,0,0
89,-39,200,0,0,0
88,-39,200,0,0,0
88,-38,200,0,0,0
87,-37,200,0,0,0
87,-36,200,0,0,0
87,-36,200,0,0,0
86.979917,-36.037153,200,0,0,0
86.850973,-36.275699,200,0,0,0
86.534718,-36.860772,200,0,0,0
85.98267,-37.882061,200,0,0,0
85.172792,-39.380334,200,0,0,0
84.105968,-41.35396,200,0,0,0
82.802469,-43.765432,200,0,0,0
81.298437,-46.547892,200,0,0,0
79.642351,-49.61165,200,0,0,0
77.891508,-52.85071,200,0,0,0
76.108492,-56.14929,200,0,0,0
74.357649,-59.38835,200,0,0,0
72.701563,-62.452108,200,0,0,0
71.197531,-65.234568,200,0,0,0
69.894032,-67.64604,200,0,0,0
68.827208,-69.619666,200,0,0,0
68.01733,-71.117939,200,0,0,0
67.465282,-72.139228,200,0,0,0
67.149027,-72.724301,200,0,0,0
67.020083,-72.962847,200,0,0,0
67,-73,200,0,0,0
67,-73,200,0,0,0
67,-72,200,0,0,0
67,-71,200,0,0,0
67,-70,200,0,0,0
67,-69,200,0,0,0
67,-68,200,0,0,0
67,-67,200,0,0,0
67,-66,200,0,0,0
67,-65,200,0,0,0
67,-64,200,0,0,0
67,-63,200,0,0,0
67,-62,200,0,0,0
67,-61,200,0,0,0
68,-60,200,0,0,0
69,-59,200,0,0,0
69,-58,200,0,0,0
70,-57,200,0,0,0
71,-57,200,0,0,0
72,-56,200,0,0,0
73,-56,200,0,0,0
74,-56,200,0,0,0
75,-55,200,0,0,0
76,-55,200,0,0,0
77,-55,200,0,0,0
78,-55,200,0,0,0
79,-56,200,0,0,0
80,-56,200,0,0,0
81,-56,200,0,0,0
82,-57,200,0,0,0
83,-57,200,0,0,0
84,-58,200,0,0,0
85,-59,200,0,0,0
86,-60,200,0,0,0
87,-61,200,0,0,0
88,-61,200,0,0,0
89,-62,200,0,0,0
89,-63,200,0,0,0
90,-64,200,0,0,0
91,-65,200,0,0,0
92,-65,200,0,0,0
93,-66,200,0,0,0
93,-67,200,0,0,0
94,-68,200,0,0,0
95,-69,200,0,0,0
96,-70,200,0,0,0
97,-70,200,0,0,0
98,-71,200,0,0,0
99,-70,200,0,0,0
99,-69,200,0,0,0
99,-68,200,0,0,0
99,-67,200,0,0,0
99,-66,200,0,0,0
99,-65,200,0,0,0
99,-64,200,0,0,0
99,-63,200,0,0,0
99,-62,200,0,0,0
99,-61,200,0,0,0
99,-60,200,0,0,0
99,-59,200,0,0,0
99,-58,200,0,0,0
99,-57,200,0,0,0
99,-56,200,0,0,0
100,-55,200,0,0,0
101,-55,200,0,0,0
102,-56,200,0,0,0
102,-57,200,0,0,0
102,-58,200,0,0,0
102,-59,200,0,0,0
102,-60,200,0,0,0
102,-61,200,0,0,0
102,-62,200,0,0,0
102,-63,200,0,0,0
102,-64,200,0,0,0
102,-65,200,0,0,0
102,-66,200,0,0,0
102,-67,200,0,0,0
102,-68,200,0,0,0
102,-69,200,0,0,0
102,-70,200,0,0,0
102,-71,200,0,0,0
102,-72,200,0,0,0
102,-73,200,0,0,0
102,-74,200,0,0,0
102,-75,200,0,0,0
102,-76,200,0,0,0
101,-77,200,0,0,0
100,-77,200,0,0,0
99,-77,200,0,0,0
98,-76,200,0,0,0
97,-75,200,0,0,0
96,-74,200,0,0,0
95,-73,200,0,0,0
94,-72,200,0,0,0
93,-71,200,0,0,0
92,-70,200,0,0,0
91,-69,200,0,0,0
90,-68,200,0,0,0
89,-67,200,0,0,0
88,-66,200,0,0,0
87,-65,200,0,0,0
86,-64,200,0,0,0
85,-64,200,0,0,0
84,-63,200,0,0,0
83,-62,200,0,0,0
82,-61,200,0,0,0
81,-60,200,0,0,0
80,-60,200,0,0,0
79,-60,200,0,0,0
78,-59,200,0,0,0
77,-59,200,0,0,0
76,-59,200,0,0,0
75,-60,200,0,0,0
74,-60,200,0,0,0
73,-60,200,0,0,0
72,-61,200,0,0,0
71,-62,200,0,0,0
71,-63,200,0,0,0
70,-64,200,0,0,0
70,-65,200,0,0,0
70,-66,200,0,0,0
70,-67,200,0,0,0
70,-68,200,0,0,0
70,-69,200,0,0,0
70,-70,200,0,0,0
70,-71,200,0,0,0
71,-72,200,0,0,0
71,-73,200,0,0,0
71,-74,200,0,0,0
72,-75,200,0,0,0
72,-76,200,0,0,0
71,-77,200,0,0,0
70,-77,200,0,0,0
69,-77,200,0,0,0
68,-76,200,0,0,0
68,-75,200,0,0,0
68,-74,200,0,0,0
68,-74,200,0,0,0
68.015263,-74.127194,200,0,0,0
68.106481,-74.887346,200,0,0,0
68.310547,-76.587891,200,0,0,0
68.62963,-79.246914,200,0,0,0
69.039858,-82.665485,200,0,0,0
69.5,-86.5,200,0,0,0
69.960142,-90.334515,200,0,0,0
70.37037,-93.753086,200,0,0,0
70.689453,-96.412109,200,0,0,0
70.893519,-98.112654,200,0,0,0
70.984737,-98.872806,200,0,0,0
71,-99,200,0,0,0
71,-99,200,0,0,0
71,-98,200,0,0,0
71,-97,200,0,0,0
71,-96,200,0,0,0
71,-95,200,0,0,0
71,-94,200,0,0,0
72,-93,200,0,0,0
72,-92,200,0,0,0
73,-92,200,0,0,0
74,-92,200,0,0,0
75,-91,200,0,0,0
76,-91,200,0,0,0
77,-90,200,0,0,0
78,-90,200,0,0,0
79,-90,200,0,0,0
80,-90,200,0,0,0
81,-90,200,0,0,0
82,-90,200,0,0,0
83,-90,200,0,0,0
84,-90,200,0,0,0
85,-90,200,0,0,0
86,-90,200,0,0,0
87,-90,200,0,0,0
88,-90,200,0,0,0
89,-90,200,0,0,0
90,-90,200,0,0,0
91,-90,200,0,0,0
92,-90,200,0,0,0
93,-90,200,0,0,0
94,-91,200,0,0,0
95,-91,200,0,0,0
96,-92,200,0,0,0
97,-92,200,0,0,0
98,-92,200,0,0,0
98,-93,200,0,0,0
99,-94,200,0,0,0
99,-95,200,0,0,0
99,-96,200,0,0,0
99,-97,200,0,0,0
99,-98,200,0,0,0
99,-99,200,0,0,0
99,-100,200,0,0,0
98,-101,200,0,0,0
97,-102,200,0,0,0
96,-102,200,0,0,0
95,-103,200,0,0,0
94,-103,200,0,0,0
93,-103,200,0,0,0
92,-103,200,0,0,0
91,-104,200,0,0,0
90,-104,200,0,0,0
89,-104,200,0,0,0
88,-104,200,0,0,0
87,-104,200,0,0,0
86,-104,200,0,0,0
85,-104,200,0,0,0
84,-104,200,0,0,0
83,-104,200,0,0,0
82,-104,200,0,0,0
81,-104,200,0,0,0
80,-104,200,0,0,0
79,-104,200,0,0,0
78,-103,200,0,0,0
77,-103,200,0,0,0
76,-103,200,0,0,0
75,-102,200,0,0,0
74,-102,200,0,0,0
73,-101,200,0,0,0
72,-101,200,0,0,0
72,-100,200,0,0,0
72,-100,200,0,0,0
70,-101,200,0,0,0
68,-102,200,0,0,0
68,-102,200,0,0,0
68,-103,200,0,0,0
69,-104,200,0,0,0
70,-105,200,0,0,0
71,-105,200,0,0,0
72,-106,200,0,0,0
73,-107,200,0,0,0
74,-107,200,0,0,0
75,-107,200,0,0,0
76,-108,200,0,0,0
77,-108,200,0,0,0
78,-108,200,0,0,0
79,-109,200,0,0,0
80,-109,200,0,0,0
81,-109,200,0,0,0
82,-109,200,0,0,0
83,-109,200,0,0,0
84,-109,200,0,0,0
85,-109,200,0,0,0
86,-109,200,0,0,0
87,-109,200,0,0,0
88,-109,200,0,0,0
89,-109,200,0,0,0
90,-109,200,0,0,0
91,-109,200,0,0,0
92,-108,200,0,0,0
93,-108,200,0,0,0
94,-108,200,0,0,0
95,-108,200,0,0,0
96,-107,200,0,0,0
97,-107,200,0,0,0
98,-106,200,0,0,0
99,-105,200,0,0,0
100,-105,200,0,0,0
101,-104,200,0,0,0
102,-103,200,0,0,0
102,-102,200,0,0,0
102,-101,200,0,0,0
103,-100,200,0,0,0
103,-99,200,0,0,0
103,-98,200,0,0,0
103,-97,200,0,0,0
103,-96,200,0,0,0
103,-95,200,0,0,0
103,-94,200,0,0,0
103,-93,200,0,0,0
102,-92,200,0,0,0
102,-91,200,0,0,0
101,-90,200,0,0,0
101,-89,200,0,0,0
100,-88,200,0,0,0
99,-88,200,0,0,0
98,-87,200,0,0,0
97,-87,200,0,0,0
96,-86,200,0,0,0
95,-86,200,0,0,0
94,-86,200,0,0,0
93,-85,200,0,0,0
92,-85,200,0,0,0
91,-85,200,0,0,0
90,-85,200,0,0,0
89,-85,200,0,0,0
88,-85,200,0,0,0
87,-85,200,0,0,0
86,-85,200,0,0,0
85,-85,200,0,0,0
84,-85,200,0,0,0
83,-85,200,0,0,0
82,-85,200,0,0,0
81,-85,200,0,0,0
80,-85,200,0,0,0
79,-85,200,0,0,0
78,-85,200,0,0,0
77,-85,200,0,0,0
76,-86,200,0,0,0
75,-86,200,0,0,0
74,-87,200,0,0,0
73,-87,200,0,0,0
72,-87,200,0,0,0
71,-88,200,0,0,0
70,-89,200,0,0,0
69,-90,200,0,0,0
68,-91,200,0,0,0
67,-92,200,0,0,0
67,-93,200,0,0,0
67,-94,200,0,0,0
67,-95,200,0,0,0
67,-96,200,0,0,0
67,-97,200,0,0,0
67,-98,200,0,0,0
67,-99,200,0,0,0
67,-100,200,0,0,0
67,-101,200,0,0,0
67,-101,200,0,0,0
67,-101,200.1712,0,0,0
67,-101,201.1584,0,0,0
67,-101,203.2616,0,0,0
67,-101,206.3488,0,0,0
67,-101,210,0,0,0
67,-101,213.6512,0,0,0
67,-101,216.7384,0,0,0
67,-101,218.8416,0,0,0
67,-101,219.8288,0,0,0
67,-101,220,0,0,0
67,-101,220,0,0,0
67.001158,-100.895769,220,0,0,0
67.00856,-100.2296,220,0,0,0
67.026612,-98.604931,220,0,0,0
67.05792,-95.7872,220,0,0,0
67.103516,-91.683594,220,0,0,0
67.16308,-86.3228,220,0,0,0
67.235169,-79.834756,220,0,0,0
67.31744,-72.4304,220,0,0,0
67.406873,-64.381419,220,0,0,0
67.5,-56,220,0,0,0
67.593127,-47.618581,220,0,0,0
67.68256,-39.5696,220,0,0,0
67.764831,-32.165244,220,0,0,0
67.83692,-25.6772,220,0,0,0
67.896484,-20.316406,220,0,0,0
67.94208,-16.2128,220,0,0,0
67.973388,-13.395069,220,0,0,0
67.99144,-11.7704,220,0,0,0
67.998842,-11.104231,220,0,0,0
68,-11,220,0,0,0
68,-11,220,0,0,0
68,-11,219.8288,0,0,0
68,-11,218.8416,0,0,0
68,-11,216.7384,0,0,0
68,-11,213.6512,0,0,0
68,-11,210,0,0,0
68,-11,206.3488,0,0,0
68,-11,203.2616,0,0,0
68,-11,201.1584,0,0,0
68,-11,200.1712,0,0,0
68,-11,200,0,0,0
68,-11,200,0,0,0
69,-12,200,0,0,0
70,-12,200,0,0,0
71,-11,200,0,0,0
71,-10,200,0,0,0
71,-9,200,0,0,0
70,-8,200,0,0,0
70,-7,200,0,0,0
70,-6,200,0,0,0
70,-5,200,0,0,0
70,-4,200,0,0,0
70,-3,200,0,0,0
70,-2,200,0,0,0
70,-1,200,0,0,0
70,0,200,0,0,0
71,1,200,0,0,0
71,2,200,0,0,0
72,3,200,0,0,0
73,4,200,0,0,0
74,4,200,0,0,0
75,5,200,0,0,0
76,5,200,0,0,0
77,5,200,0,0,0
78,5,200,0,0,0
79,4,200,0,0,0
80,3,200,0,0,0
81,2,200,0,0,0
82,1,200,0,0,0
82,0,200,0,0,0
82,-1,200,0,0,0
82,-2,200,0,0,0
82,-3,200,0,0,0
82,-4,200,0,0,0
82,-5,200,0,0,0
82,-6,200,0,0,0
83,-7,200,0,0,0
84,-7,200,0,0,0
85,-6,200,0,0,0
85,-5,200,0,0,0
85,-4,200,0,0,0
85,-3,200,0,0,0
85,-2,200,0,0,0
85,-1,200,0,0,0
85,0,200,0,0,0
86,1,200,0,0,0
86,2,200,0,0,0
87,3,200,0,0,0
88,4,200,0,0,0
89,5,200,0,0,0
90,5,200,0,0,0
91,6,200,0,0,0
92,6,200,0,0,0
93,6,200,0,0,0
94,6,200,0,0,0
95,5,200,0,0,0
96,5,200,0,0,0
97,4,200,0,0,0
98,3,200,0,0,0
99,2,200,0,0,0
99,1,200,0,0,0
100,0,200,0,0,0
100,-1,200,0,0,0
100,-2,200,0,0,0
100,-3,200,0,0,0
100,-4,200,0,0,0
100,-5,200,0,0,0
100,-6,200,0,0,0
100,-7,200,0,0,0
100,-8,200,0,0,0
100,-9,200,0,0,0
99,-10,200,0,0,0
99,-11,200,0,0,0
99,-12,200,0,0,0
100,-13,200,0,0,0
101,-13,200,0,0,0
102,-12,200,0,0,0
102,-11,200,0,0,0
102,-10,200,0,0,0
103,-9,200,0,0,0
103,-8,200,0,0,0
103,-7,200,0,0,0
103,-6,200,0,0,0
103,-5,200,0,0,0
103,-4,200,0,0,0
103,-3,200,0,0,0
103,-2,200,0,0,0
103,-1,200,0,0,0
103,0,200,0,0,0
103,1,200,0,0,0
102,2,200,0,0,0
102,3,200,0,0,0
102,4,200,0,0,0
102,5,200,0,0,0
101,6,200,0,0,0
100,7,200,0,0,0
99,8,200,0,0,0
98,8,200,0,0,0
97,9,200,0,0,0
96,9,200,0,0,0
95,9,200,0,0,0
94,10,200,0,0,0
93,10,200,0,0,0
92,10,200,0,0,0
91,10,200,0,0,0
90,9,200,0,0,0
89,9,200,0,0,0
88,8,200,0,0,0
87,8,200,0,0,0
86,7,200,0,0,0
85,6,200,0,0,0
85,5,200,0,0,0
85,4,200,0,0,0
84,3,200,0,0,0
83,4,200,0,0,0
82,5,200,0,0,0
82,6,200,0,0,0
81,7,200,0,0,0
80,8,200,0,0,0
79,8,200,0,0,0
78,8,200,0,0,0
77,9,200,0,0,0
76,9,200,0,0,0
75,9,200,0,0,0
74,9,200,0,0,0
73,8,200,0,0,0
72,8,200,0,0,0
71,7,200,0,0,0
70,7,200,0,0,0
69,6,200,0,0,0
68,5,200,0,0,0
68,4,200,0,0,0
67,3,200,0,0,0
67,2,200,0,0,0
67,1,200,0,0,0
67,0,200,0,0,0
67,-1,200,0,0,0
67,-2,200,0,0,0
67,-3,200,0,0,0
67,-4,200,0,0,0
67,-5,200,0,0,0
67,-6,200,0,0,0
67,-7,200,0,0,0
67,-8,200,0,0,0
67,-9,200,0,0,0
67,-10,200,0,0,0
67,-10,200,0,0,0
67,-10,200.1712,0,0,0
67,-10,201.1584,0,0,0
67,-10,203.2616,0,0,0
67,-10,206.3488,0,0,0
67,-10,210,0,0,0
67,-10,213.6512,0,0,0
67,-10,216.7384,0,0,0
67,-10,218.8416,0,0,0
67,-10,219.8288,0,0,0
67,-10,220,0,0,0
67,-10,220,0,0,0
67.004043,-9.894892,220,0,0,0
67.028527,-9.258289,220,0,0,0
67.084281,-7.80869,220,0,0,0
67.173405,-5.491474,220,0,0,0
67.291212,-2.428486,220,0,0,0
67.428169,1.132383,220,0,0,0
67.571831,4.867617,220,0,0,0
67.708788,8.428486,220,0,0,0
67.826595,11.491474,220,0,0,0
67.915719,13.80869,220,0,0,0
67.971473,15.258289,220,0,0,0
67.995957,15.894892,220,0,0,0
68,16,220,0,0,0
68,16,220,0,0,0
68,16,219.8288,0,0,0
68,16,218.8416,0,0,0
68,16,216.7384,0,0,0
68,16,213.6512,0,0,0
68,16,210,0,0,0
68,16,206.3488,0,0,0
68,16,203.2616,0,0,0
68,16,201.1584,0,0,0
68,16,200.1712,0,0,0
68,16,200,0,0,0
68,16,200,0,0,0
69,16,200,0,0,0
70,17,200,0,0,0
71,17,200,0,0,0
72,18,200,0,0,0
73,19,200,0,0,0
74,19,200,0,0,0
75,20,200,0,0,0
76,21,200,0,0,0
77,21,200,0,0,0
78,22,200,0,0,0
79,23,200,0,0,0
80,23,200,0,0,0
81,24,200,0,0,0
82,25,200,0,0,0
83,26,200,0,0,0
84,26,200,0,0,0
85,27,200,0,0,0
86,27,200,0,0,0
87,27,200,0,0,0
88,27,200,0,0,0
89,27,200,0,0,0
90,27,200,0,0,0
91,27,200,0,0,0
92,27,200,0,0,0
93,27,200,0,0,0
94,27,200,0,0,0
95,27,200,0,0,0
96,27,200,0,0,0
97,27,200,0,0,0
98,27,200,0,0,0
99,27,200,0,0,0
100,27,200,0,0,0
101,27,200,0,0,0
102,28,200,0,0,0
102,29,200,0,0,0
102,30,200,0,0,0
101,31,200,0,0,0
100,31,200,0,0,0
99,31,200,0,0,0
98,31,200,0,0,0
97,31,200,0,0,0
96,31,200,0,0,0
95,31,200,0,0,0
94,31,200,0,0,0
93,31,200,0,0,0
92,31,200,0,0,0
91,31,200,0,0,0
90,31,200,0,0,0
89,31,200,0,0,0
88,31,200,0,0,0
87,31,200,0,0,0
86,31,200,0,0,0
85,32,200,0,0,0
84,33,200,0,0,0
83,33,200,0,0,0
82,34,200,0,0,0
81,34,200,0,0,0
80,35,200,0,0,0
79,36,200,0,0,0
78,37,200,0,0,0
77,37,200,0,0,0
76,38,200,0,0,0
75,39,200,0,0,0
74,39,200,0,0,0
73,40,200,0,0,0
72,41,200,0,0,0
71,42,200,0,0,0
70,42,200,0,0,0
69,43,200,0,0,0
68,43,200,0,0,0
67,42,200,0,0,0
67,41,200,0,0,0
67,40,200,0,0,0
68,39,200,0,0,0
69,39,200,0,0,0
70,38,200,0,0,0
71,37,200,0,0,0
72,36,200,0,0,0
73,36,200,0,0,0
74,35,200,0,0,0
75,35,200,0,0,0
76,34,200,0,0,0
77,33,200,0,0,0
78,32,200,0,0,0
79,32,200,0,0,0
80,31,200,0,0,0
81,31,200,0,0,0
82,30,200,0,0,0
81,29,200,0,0,0
80,28,200,0,0,0
79,27,200,0,0,0
78,26,200,0,0,0
77,26,200,0,0,0
76,25,200,0,0,0
75,25,200,0,0,0
74,24,200,0,0,0
73,23,200,0,0,0
72,22,200,0,0,0
71,21,200,0,0,0
70,21,200,0,0,0
69,20,200,0,0,0
68,20,200,0,0,0
67,19,200,0,0,0
67,18,200,0,0,0
67,17,200,0,0,0
67,17,200,0,0,0
67,17,200.1712,0,0,0
67,17,201.1584,0,0,0
67,17,203.2616,0,0,0
67,17,206.3488,0,0,0
67,17,210,0,0,0
67,17,213.6512,0,0,0
67,17,216.7384,0,0,0
67,17,218.8416,0,0,0
67,17,219.8288,0,0,0
67,17,220,0,0,0
67,17,220,0,0,0
67.002675,17.082912,220,0,0,0
67.019216,17.59569,220,0,0,0
67.05792,18.79552,220,0,0,0
67.121869,20.777928,220,0,0,0
67.209877,23.506173,220,0,0,0
67.31744,26.84064,220,0,0,0
67.437685,30.568233,220,0,0,0
67.562315,34.431767,220,0,0,0
67.68256,38.15936,220,0,0,0
67.790123,41.493827,220,0,0,0
67.878131,44.222072,220,0,0,0
67.94208,46.20448,220,0,0,0
67.980784,47.40431,220,0,0,0
67.997325,47.917088,220,0,0,0
68,48,220,0,0,0
68,48,220,0,0,0
68,48,219.8288,0,0,0
68,48,218.8416,0,0,0
68,48,216.7384,0,0,0
68,48,213.6512,0,0,0
68,48,210,0,0,0
68,48,206.3488,0,0,0
68,48,203.2616,0,0,0
68,48,201.1584,0,0,0
68,48,200.1712,0,0,0
68,48,200,0,0,0
68,48,200,0,0,0
69,48,200,0,0,0
70,49,200,0,0,0
70,50,200,0,0,0
70,51,200,0,0,0
70,52,200,0,0,0
70,53,200,0,0,0
70,54,200,0,0,0
70,55,200,0,0,0
70,56,200,0,0,0
70,57,200,0,0,0
70,58,200,0,0,0
70,59,200,0,0,0
70,60,200,0,0,0
70,61,200,0,0,0
70,62,200,0,0,0
70,63,200,0,0,0
70,64,200,0,0,0
70,65,200,0,0,0
70,66,200,0,0,0
70,67,200,0,0,0
70,68,200,0,0,0
70,69,200,0,0,0
71,70,200,0,0,0
72,69,200,0,0,0
73,68,200,0,0,0
74,68,200,0,0,0
75,67,200,0,0,0
76,66,200,0,0,0
77,65,200,0,0,0
78,65,200,0,0,0
79,64,200,0,0,0
80,63,200,0,0,0
81,62,200,0,0,0
82,61,200,0,0,0
83,61,200,0,0,0
84,60,200,0,0,0
85,59,200,0,0,0
86,58,200,0,0,0
87,58,200,0,0,0
88,57,200,0,0,0
89,56,200,0,0,0
90,55,200,0,0,0
91,54,200,0,0,0
92,53,200,0,0,0
93,53,200,0,0,0
94,52,200,0,0,0
95,51,200,0,0,0
96,50,200,0,0,0
97,49,200,0,0,0
98,49,200,0,0,0
99,48,200,0,0,0
100,48,200,0,0,0
101,48,200,0,0,0
102,49,200,0,0,0
102,50,200,0,0,0
102,51,200,0,0,0
102,52,200,0,0,0
102,53,200,0,0,0
102,54,200,0,0,0
102,55,200,0,0,0
102,56,200,0,0,0
102,57,200,0,0,0
102,58,200,0,0,0
102,59,200,0,0,0
102,60,200,0,0,0
102,61,200,0,0,0
102,62,200,0,0,0
102,63,200,0,0,0
102,64,200,0,0,0
102,65,200,0,0,0
102,66,200,0,0,0
102,67,200,0,0,0
102,68,200,0,0,0
102,69,200,0,0,0
102,70,200,0,0,0
102,71,200,0,0,0
102,72,200,0,0,0
102,73,200,0,0,0
102,74,200,0,0,0
102,75,200,0,0,0
101,76,200,0,0,0
100,76,200,0,0,0
99,75,200,0,0,0
99,74,200,0,0,0
99,73,200,0,0,0
99,72,200,0,0,0
99,71,200,0,0,0
99,70,200,0,0,0
99,69,200,0,0,0
99,68,200,0,0,0
99,67,200,0,0,0
99,66,200,0,0,0
99,65,200,0,0,0
99,64,200,0,0,0
99,63,200,0,0,0
99,62,200,0,0,0
99,61,200,0,0,0
99,60,200,0,0,0
99,59,200,0,0,0
99,58,200,0,0,0
99,57,200,0,0,0
99,56,200,0,0,0
99,55,200,0,0,0
99,54,200,0,0,0
98,53,200,0,0,0
97,54,200,0,0,0
96,55,200,0,0,0
95,56,200,0,0,0
94,57,200,0,0,0
93,57,200,0,0,0
92,58,200,0,0,0
91,59,200,0,0,0
90,60,200,0,0,0
89,61,200,0,0,0
88,61,200,0,0,0
87,62,200,0,0,0
86,63,200,0,0,0
85,64,200,0,0,0
84,65,200,0,0,0
83,66,200,0,0,0
82,66,200,0,0,0
81,67,200,0,0,0
80,68,200,0,0,0
79,69,200,0,0,0
78,70,200,0,0,0
77,70,200,0,0,0
76,71,200,0,0,0
75,72,200,0,0,0
74,73,200,0,0,0
73,73,200,0,0,0
72,74,200,0,0,0
71,75,200,0,0,0
70,76,200,0,0,0
69,76,200,0,0,0
68,76,200,0,0,0
67,75,200,0,0,0
67,74,200,0,0,0
67,73,200,0,0,0
67,72,200,0,0,0
67,71,200,0,0,0
67,70,200,0,0,0
67,69,200,0,0,0
67,68,200,0,0,0
67,67,200,0,0,0
67,66,200,0,0,0
67,65,200,0,0,0
67,64,200,0,0,0
67,63,200,0,0,0
67,62,200,0,0,0
67,61,200,0,0,0
67,60,200,0,0,0
67,59,200,0,0,0
67,58,200,0,0,0
67,57,200,0,0,0
67,56,200,0,0,0
67,55,200,0,0,0
67,54,200,0,0,0
67,53,200,0,0,0
67,52,200,0,0,0
67,51,200,0,0,0
67,50,200,0,0,0
67,49,200,0,0,0
67,49,200,0,0,0
67,49,200.1712,0,0,0
67,49,201.1584,0,0,0
67,49,203.2616,0,0,0
67,49,206.3488,0,0,0
67,49,210,0,0,0
67,49,213.6512,0,0,0
67,49,216.7384,0,0,0
67,49,218.8416,0,0,0
67,49,219.8288,0,0,0
67,49,220,0,0,0
67,49,220,0,0,0
67.002675,49.080237,220,0,0,0
67.019216,49.576474,220,0,0,0
67.05792,50.7376,220,0,0,0
67.121869,52.656059,220,0,0,0
67.209877,55.296296,220,0,0,0
67.31744,58.5232,220,0,0,0
67.437685,62.130548,220,0,0,0
67.562315,65.869452,220,0,0,0
67.68256,69.4768,220,0,0,0
67.790123,72.703704,220,0,0,0
67.878131,75.343941,220,0,0,0
67.94208,77.2624,220,0,0,0
67.980784,78.423526,220,0,0,0
67.997325,78.919763,220,0,0,0
68,79,220,0,0,0
68,79,220,0,0,0
68,79,219.8288,0,0,0
68,79,218.8416,0,0,0
68,79,216.7384,0,0,0
68,79,213.6512,0,0,0
68,79,210,0,0,0
68,79,206.3488,0,0,0
68,79,203.2616,0,0,0
68,79,201.1584,0,0,0
68,79,200.1712,0,0,0
68,79,200,0,0,0
68,79,200,0,0,0
69,79,200,0,0,0
70,80,200,0,0,0
70,81,200,0,0,0
70,82,200,0,0,0
70,83,200,0,0,0
70,84,200,0,0,0
70,85,200,0,0,0
70,86,200,0,0,0
70,87,200,0,0,0
70,88,200,0,0,0
70,89,200,0,0,0
70,90,200,0,0,0
70,91,200,0,0,0
71,92,200,0,0,0
72,92,200,0,0,0
73,92,200,0,0,0
74,92,200,0,0,0
75,92,200,0,0,0
76,92,200,0,0,0
77,92,200,0,0,0
78,92,200,0,0,0
79,92,200,0,0,0
80,92,200,0,0,0
81,92,200,0,0,0
82,92,200,0,0,0
83,92,200,0,0,0
84,92,200,0,0,0
85,92,200,0,0,0
86,92,200,0,0,0
87,92,200,0,0,0
88,92,200,0,0,0
89,92,200,0,0,0
90,92,200,0,0,0
91,92,200,0,0,0
92,92,200,0,0,0
93,92,200,0,0,0
94,92,200,0,0,0
95,92,200,0,0,0
96,92,200,0,0,0
97,92,200,0,0,0
98,92,200,0,0,0
99,92,200,0,0,0
100,92,200,0,0,0
101,92,200,0,0,0
102,93,200,0,0,0
102,94,200,0,0,0
102,95,200,0,0,0
101,96,200,0,0,0
100,96,200,0,0,0
99,96,200,0,0,0
98,96,200,0,0,0
97,96,200,0,0,0
96,96,200,0,0,0
95,96,200,0,0,0
94,96,200,0,0,0
93,96,200,0,0,0
92,96,200,0,0,0
91,96,200,0,0,0
90,96,200,0,0,0
89,96,200,0,0,0
88,96,200,0,0,0
87,96,200,0,0,0
86,96,200,0,0,0
85,96,200,0,0,0
84,96,200,0,0,0
83,96,200,0,0,0
82,96,200,0,0,0
81,96,200,0,0,0
80,96,200,0,0,0
79,96,200,0,0,0
78,96,200,0,0,0
77,96,200,0,0,0
76,96,200,0,0,0
75,96,200,0,0,0
74,96,200,0,0,0
73,96,200,0,0,0
72,96,200,0,0,0
71,96,200,0,0,0
70,97,200,0,0,0
70,98,200,0,0,0
70,99,200,0,0,0
70,100,200,0,0,0
70,101,200,0,0,0
70,102,200,0,0,0
70,103,200,0,0,0
70,104,200,0,0,0
70,105,200,0,0,0
70,106,200,0,0,0
70,107,200,0,0,0
70,108,200,0,0,0
69,109,200,0,0,0
68,109,200,0,0,0
67,108,200,0,0,0
67,107,200,0,0,0
67,106,200,0,0,0
67,105,200,0,0,0
67,104,200,0,0,0
67,103,200,0,0,0
67,102,200,0,0,0
67,101,200,0,0,0
67,100,200,0,0,0
67,99,200,0,0,0
67,98,200,0,0,0
67,97,200,0,0,0
67,96,200,0,0,0
67,95,200,0,0,0
67,94,200,0,0,0
67,93,200,0,0,0
67,92,200,0,0,0
67,91,200,0,0,0
67,90,200,0,0,0
67,89,200,0,0,0
67,88,200,0,0,0
67,87,200,0,0,0
67,86,200,0,0,0
67,85,200,0,0,0
67,84,200,0,0,0
67,83,200,0,0,0
67,82,200,0,0,0
67,81,200,0,0,0
67,80,200,0,0,0
67,80,200,0,0,0
67,80,200.000619,0,0,0
67,80,200.00491,0,0,0
67,80,200.016433,0,0,0
67,80,200.038622,0,0,0
67,80,200.074792,0,0,0
67,80,200.128139,0,0,0
67,80,200.201738,0,0,0
67,80,200.298548,0,0,0
67,80,200.421413,0,0,0
67,80,200.573062,0,0,0
67,80,200.75611,0,0,0
67,80,200.973062,0,0,0
67,80,201.226313,0,0,0
67,80,201.518148,0,0,0
67,80,201.850746,0,0,0
67,80,202.22618,0,0,0
67,80,202.646417,0,0,0
67,80,203.113322,0,0,0
67,80,203.628658,0,0,0
67,80,204.19409,0,0,0
67,80,204.811179,0,0,0
67,80,205.481394,0,0,0
67,80,206.206105,0,0,0
67,80,206.986587,0,0,0
67,80,207.824024,0,0,0
67,80,208.719505,0,0,0
67,80,209.674031,0,0,0
67,80,210.688513,0,0,0
67,80,211.763775,0,0,0
67,80,212.900554,0,0,0
67,80,214.099502,0,0,0
67,80,215.361188,0,0,0
67,80,216.686099,0,0,0
67,80,218.07464,0,0,0
67,80,219.52714,0,0,0
67,80,221.043847,0,0,0
67,80,222.624934,0,0,0
67,80,224.270498,0,0,0
67,80,225.980564,0,0,0
67,80,227.755082,0,0,0
67,80,229.593934,0,0,0
67,80,231.496932,0,0,0
67,80,233.463819,0,0,0
67,80,235.494271,0,0,0
67,80,237.5879,0,0,0
67,80,239.744255,0,0,0
67,80,241.962819,0,0,0
67,80,244.243019,0,0,0
67,80,246.584217,0,0,0
67,80,248.985722,0,0,0
67,80,251.446782,0,0,0
67,80,253.966592,0,0,0
67,80,256.544292,0,0,0
67,80,259.17897,0,0,0
67,80,261.869662,0,0,0
67,80,264.615355,0,0,0
67,80,267.414988,0,0,0
67,80,270.267451,0,0,0
67,80,273.17159,0,0,0
67,80,276.126208,0,0,0
67,80,279.130062,0,0,0
67,80,282.18187,0,0,0
67,80,285.28031,0,0,0
67,80,288.42402,0,0,0
67,80,291.611602,0,0,0
67,80,294.841623,0,0,0
67,80,298.112612,0,0,0
67,80,301.42307,0,0,0
67,80,304.771462,0,0,0
67,80,308.156227,0,0,0
67,80,311.575771,0,0,0
67,80,315.028477,0,0,0
67,80,318.512698,0,0,0
67,80,322.026764,0,0,0
67,80,325.568984,0,0,0
67,80,329.137642,0,0,0
67,80,332.731003,0,0,0
67,80,336.347314,0,0,0
67,80,339.984803,0,0,0
67,80,343.641682,0,0,0
67,80,347.31615,0,0,0
67,80,351.00639,0,0,0
67,80,354.710575,0,0,0
67,80,358.426867,0,0,0
67,80,362.153419,0,0,0
67,80,365.888375,0,0,0
67,80,369.629875,0,0,0
67,80,373.376053,0,0,0
67,80,377.125039,0,0,0
67,80,380.874961,0,0,0
67,80,384.623947,0,0,0
67,80,388.370125,0,0,0
67,80,392.111625,0,0,0
67,80,395.846581,0,0,0
67,80,399.573133,0,0,0
67,80,403.289425,0,0,0
67,80,406.99361,0,0,0
67,80,410.68385,0,0,0
67,80,414.358318,0,0,0
67,80,418.015197,0,0,0
67,80,421.652686,0,0,0
67,80,425.268997,0,0,0
67,80,428.862358,0,0,0
67,80,432.431016,0,0,0
67,80,435.973236,0,0,0
67,80,439.487302,0,0,0
67,80,442.971523,0,0,0
67,80,446.424229,0,0,0
67,80,449.843773,0,0,0
67,80,453.228538,0,0,0
67,80,456.57693,0,0,0
67,80,459.887388,0,0,0
67,80,463.158377,0,0,0
67,80,466.388398,0,0,0
67,80,469.57598,0,0,0
67,80,472.71969,0,0,0
67,80,475.81813,0,0,0
67,80,478.869938,0,0,0
67,80,481.873792,0,0,0
67,80,484.82841,0,0,0
67,80,487.732549,0,0,0
67,80,490.585012,0,0,0
67,80,493.384645,0,0,0
67,80,496.130338,0,0,0
67,80,498.82103,0,0,0
67,80,501.455708,0,0,0
67,80,504.033408,0,0,0
67,80,506.553218,0,0,0
67,80,509.014278,0,0,0
67,80,511.415783,0,0,0
67,80,513.756981,0,0,0
67,80,516.037181,0,0,0
67,80,518.255745,0,0,0
67,80,520.4121,0,0,0
67,80,522.505729,0,0,0
67,80,524.536181,0,0,0
67,80,526.503068,0,0,0
67,80,528.406066,0,0,0
67,80,530.244918,0,0,0
67,80,532.019436,0,0,0
67,80,533.729502,0,0,0
67,80,535.375066,0,0,0
67,80,536.956153,0,0,0
67,80,538.47286,0,0,0
67,80,539.92536,0,0,0
67,80,541.313901,0,0,0
67,80,542.638812,0,0,0
67,80,543.900498,0,0,0
67,80,545.099446,0,0,0
67,80,546.236225,0,0,0
67,80,547.311487,0,0,0
67,80,548.325969,0,0,0
67,80,549.280495,0,0,0
67,80,550.175976,0,0,0
67,80,551.013413,0,0,0
67,80,551.793895,0,0,0
67,80,552.518606,0,0,0
67,80,553.188821,0,0,0
67,80,553.80591,0,0,0
67,80,554.371342,0,0,0
67,80,554.886678,0,0,0
67,80,555.353583,0,0,0
67,80,555.77382,0,0,0
67,80,556.149254,0,0,0
67,80,556.481852,0,0,0
67,80,556.773687,0,0,0
67,80,557.026938,0,0,0
67,80,557.24389,0,0,0
67,80,557.426938,0,0,0
67,80,557.578587,0,0,0
67,80,557.701452,0,0,0
67,80,557.798262,0,0,0
67,80,557.871861,0,0,0
67,80,557.925208,0,0,0
67,80,557.961378,0,0,0
67,80,557.983567,0,0,0
67,80,557.99509,0,0,0
67,80,557.999381,0,0,0
67,80,558,0,0,0
67,80,558,0,0,0
67.272159,79.90735,558,0,0,0
69.0116,79.3152,558,0,0,0
73.253791,77.87105,558,0,0,0
80.6112,75.3664,558,0,0,0
91.326172,71.71875,558,0,0,0
105.3238,66.9536,558,0,0,0
122.264803,61.18645,558,0,0,0
141.5984,54.6048,558,0,0,0
162.615184,47.45015,558,0,0,0
184.5,40,558,0,0,0
206.384816,32.54985,558,0,0,0
227.4016,25.3952,558,0,0,0
246.735197,18.81355,558,0,0,0
263.6762,13.0464,558,0,0,0
277.673828,8.28125,558,0,0,0
288.3888,4.6336,558,0,0,0
295.746209,2.12895,558,0,0,0
299.9884,0.6848,558,0,0,0
301.727841,0.09265,558,0,0,0
302,0,558,0,0,0
302,0,558,0,0,0
302,0,558,0,0,0
302,0,558,0,0,0
